Albert Campbell,67 Annamark Drive,Amarillo,TX,79182
Willie Flores,1459 Spenser Trail,Toledo,OH,43666
Joseph Wood,333 Delladonna Way,Winter Haven,FL,33884
Robin Williamson,648 Granby Street,Oklahoma City,OK,73147
Christine Webb,21 Dryden Court,Springfield,VA,22156
Howard Ramirez,23 Rowland Point,Miami Beach,FL,33141
Mary Banks,62 Anzinger Street,Albany,NY,12262
Carolyn Duncan,12 Florence Lane,Fullerton,CA,92640
Doris Hamilton,8911 Transport Junction,Columbus,OH,43210
Doris Kelly,1 Knutson Way,Miami,FL,33169
Joshua Simmons,81912 Delladonna Park,Toledo,OH,43666
Harold George,6 Northfield Terrace,Columbus,OH,43204
Judith Stephens,93476 Red Cloud Crossing,Bronx,NY,10469
Brian Watson,0 Surrey Plaza,Mesa,AZ,85210
Carl Fields,6 Fordem Drive,Jeffersonville,IN,47134
John Cunningham,884 Huxley Parkway,Grand Forks,ND,58207
Frances Hunter,4937 Aberg Alley,Canton,OH,44710
Judy Daniels,21 Division Junction,Honolulu,HI,96820
Debra Collins,41890 Tony Drive,New Orleans,LA,70179
Margaret Hicks,46561 Valley Edge Road,Springfield,IL,62764
Jimmy Reynolds,2268 Corscot Street,Miami,FL,33175
Sarah Scott,738 Golf View Junction,Austin,TX,78721
Bonnie Graham,29 South Lane,Richmond,VA,23277
Cheryl Andrews,879 Judy Junction,Jacksonville,FL,32255
Ronald Rivera,2913 Lakeland Alley,Portland,OR,97255
