Andrew Hansen,8 Magdeline Street,Homestead,FL,33034
Emily Scott,87 Hallows Avenue,Decatur,IL,62525
Joyce Turner,87 Clemons Place,Erie,PA,16505
Susan Hughes,205 Melvin Lane,Jamaica,NY,11407
Samuel Dean,10 Pleasure Avenue,Valdosta,GA,31605
Philip Fields,3 Shelley Alley,San Diego,CA,92110
Lori Cole,6620 Parkside Parkway,Omaha,NE,68164
Brenda Murphy,6 Gerald Circle,Cincinnati,OH,45999
Diane Johnson,3210 Debra Court,Roanoke,VA,24014
Shirley Welch,2993 Hoepker Road,Austin,TX,78778
Ruby Bowman,90886 Alpine Road,Lincoln,NE,68505
Linda Roberts,54353 Cardinal Hill,Fresno,CA,93786
Kevin Diaz,05549 Nobel Road,Dallas,TX,75392
Sarah Mitchell,6060 Boyd Hill,Denver,CO,80228
Adam Watkins,32458 Waywood Alley,Salt Lake City,UT,84152
Beverly Vasquez,83800 Loeprich Crossing,Scottsdale,AZ,85255
Todd Shaw,21925 Declaration Hill,Saint Paul,MN,55172
Philip Washington,1 Northfield Park,Dallas,TX,75226
Louise Jordan,72143 Arrowood Trail,Redwood City,CA,94064
Phillip Peterson,4 Veith Junction,Harrisburg,PA,17140
Jonathan Bennett,454 Grayhawk Drive,Oakland,CA,94660
Benjamin Martin,044 Del Mar Alley,Chattanooga,TN,37405
Ann Johnston,5215 Pankratz Street,Tacoma,WA,98447
Shawn Schmidt,943 1st Point,Wichita,KS,67260
Jimmy Long,830 Scott Crossing,Kalamazoo,MI,49048
Cynthia Burns,358 Brentwood Lane,Sunnyvale,CA,94089
William Fields,80692 Jenifer Street,Macon,GA,31217
Jack Stewart,80 Esker Terrace,Albany,NY,12205
Raymond Fields,706 Rutledge Alley,New Haven,CT,06505
Juan Gilbert,8 Graedel Place,Columbus,GA,31904
Ann Foster,06 Manitowish Circle,El Paso,TX,88546
Jimmy Owens,741 Mcbride Road,Los Angeles,CA,90005
Kevin Reed,37 Garrison Alley,Hagerstown,MD,21747
Dorothy Taylor,13 Scott Road,Flushing,NY,11355
Virginia Ross,76 Ronald Regan Parkway,Greenville,SC,29610
Sandra Ryan,3144 Gulseth Lane,Charlotte,NC,28235
Keith Gilbert,8 Old Shore Alley,Santa Fe,NM,87592
Albert Garcia,8986 Paget Trail,Inglewood,CA,90398
Marie Wood,0223 Moulton Trail,Minneapolis,MN,55480
Lawrence Wells,5318 Dahle Court,Corona,CA,92883
Andrea Peters,74 Fisk Court,Scottsdale,AZ,85271
Marilyn Griffin,6 Merry Pass,Cambridge,MA,02142
Ruby Mccoy,4019 Mendota Drive,Atlanta,GA,31190
Amanda Carroll,6 Vermont Center,Detroit,MI,48242
Kathryn White,9681 Myrtle Pass,Charlotte,NC,28272
Arthur Schmidt,473 Dayton Street,San Diego,CA,92115
Lisa Adams,45683 Old Gate Junction,Pittsburgh,PA,15286
Amy Boyd,54868 Vera Center,Nashville,TN,37210
Linda Taylor,06680 Grim Hill,Lansing,MI,48956
Henry Ramirez,00 Bunting Circle,Harrisburg,PA,17105
Michelle Frazier,44290 Esker Pass,Sarasota,FL,34233
Eugene Brown,0222 Express Circle,Sioux Falls,SD,57110
Carlos Woods,68 Dawn Pass,Virginia Beach,VA,23459
Juan Kennedy,1509 Straubel Street,Waco,TX,76705
Ruth Garza,9 Ronald Regan Road,Omaha,NE,68105
Lawrence Murray,57802 Browning Place,Washington,DC,20503
Ryan Bowman,4 Acker Circle,Philadelphia,PA,19184
Aaron Webb,223 Quincy Alley,Roanoke,VA,24014
Lois Hughes,67129 Derek Hill,Little Rock,AR,72215
Louise Bryant,7 Victoria Parkway,Oklahoma City,OK,73109
Diana Murray,1 East Terrace,Philadelphia,PA,19146
Harry Washington,1439 Nancy Trail,Roanoke,VA,24004
Janet White,13 Mayer Center,Carlsbad,CA,92013
Victor Freeman,372 Crowley Junction,Denver,CO,80217
Julia Hudson,6 Buena Vista Park,Amarillo,TX,79116
Julie Myers,155 Petterle Drive,Reading,PA,19605
Martha Henderson,2 Messerschmidt Center,Lubbock,TX,79405
Andrea Cooper,16025 Victoria Parkway,Chicago,IL,60609
Norma Larson,9941 5th Alley,Chicago,IL,60663
Jeremy Murray,12410 Shasta Way,Springfield,IL,62718
Frank Allen,77 Monterey Junction,Montgomery,AL,36195
Amy Ortiz,229 Lien Junction,Anchorage,AK,99517
Antonio Henderson,90 Esch Park,Charleston,WV,25336
Doris Olson,18 Vidon Park,Bradenton,FL,34210
Mark Boyd,4238 Bunker Hill Road,Tyler,TX,75710
Irene Lynch,75459 Waubesa Parkway,Decatur,GA,30033
Shirley Evans,8204 Veith Park,Baton Rouge,LA,70836
Melissa Kelly,4 Nevada Crossing,Philadelphia,PA,19141
Howard Ward,35 Scoville Street,Honolulu,HI,96825
Henry Jenkins,877 Huxley Trail,Riverside,CA,92513
Ralph Mills,1 Muir Street,Topeka,KS,66611
Barbara Perry,73202 Alpine Road,Dallas,TX,75216
Nancy Stevens,05 Lotheville Plaza,Dallas,TX,75358
Kevin Wright,0784 Union Court,Sacramento,CA,95865
Edward Stephens,34 Arizona Trail,Buffalo,NY,14269
John Rose,3047 Tomscot Trail,Los Angeles,CA,90040
Robert Fowler,2 Surrey Avenue,Wichita,KS,67220
Stephanie Perez,61 1st Place,Fort Worth,TX,76110
Antonio Pierce,4678 Dottie Terrace,Montpelier,VT,05609
Steven Reynolds,560 Sutteridge Lane,Boston,MA,02283
Peter Coleman,2641 Coolidge Park,San Francisco,CA,94142
Janice Pierce,9 Sutherland Road,Eugene,OR,97405
Jason Perkins,44 Haas Court,Chicago,IL,60609
Steve Greene,50099 Mcguire Alley,Juneau,AK,99812
Phillip King,72590 Buhler Junction,Houston,TX,77065
William Morris,0 Forest Dale Point,Saint Paul,MN,55188
Christopher Weaver,54 Ludington Junction,Wilmington,DE,19810
Carolyn Parker,2 Clyde Gallagher Center,Maple Plain,MN,55572
Lori Jackson,87654 Mockingbird Court,Corona,CA,92883
Antonio Wright,57 Westend Avenue,Mobile,AL,36641
