Robin Diaz,664 Karstens Pass,Miami,FL,33169
Todd Cole,99 Blaine Court,Portland,OR,97240
Jack Ortiz,861 Melody Pass,Lexington,KY,40581
James Sims,1006 Judy Pass,Phoenix,AZ,85035
Julie James,5776 Del Sol Road,Toledo,OH,43699
Judy Scott,171 Superior Point,Albuquerque,NM,87121
Anthony Bailey,5 Canary Lane,Missoula,MT,59806
Ernest Edwards,710 Talisman Junction,Fort Lauderdale,FL,33336
Joseph Burns,85823 Grim Circle,Houston,TX,77288
Justin Rivera,213 Dixon Alley,Washington,DC,20580
Robert Taylor,774 Northridge Point,Hialeah,FL,33018
Paul Garcia,27 Artisan Avenue,Grand Rapids,MI,49518
Wayne Hicks,790 Bonner Pass,Katy,TX,77493
Phyllis Hunt,599 Colorado Court,Port Washington,NY,11054
Janet Moreno,648 Sutteridge Crossing,Seattle,WA,98175
Laura Davis,50 Scott Alley,Columbus,GA,31914
Louis Fields,93 Browning Point,Worcester,MA,01610
Nicole Carroll,5660 Browning Drive,Boise,ID,83716
Elizabeth Tucker,54 Darwin Parkway,Kansas City,MO,64190
Bonnie Murphy,49 Glacier Hill Circle,Spokane,WA,99220
Margaret Martin,9474 Heath Junction,North Las Vegas,NV,89036
Jose Ford,77 Briar Crest Way,Cleveland,OH,44191
Fred Griffin,2 Meadow Ridge Road,Tucson,AZ,85732
Sean Wood,0 Almo Park,Los Angeles,CA,90076
Ryan Ryan,191 Manitowish Court,Vero Beach,FL,32964
Todd Reynolds,284 Fulton Pass,New York City,NY,10120
Teresa Young,68167 Loomis Pass,Port Washington,NY,11054
Paul Dunn,9913 Stephen Parkway,San Antonio,TX,78255
Benjamin Alvarez,568 Sommers Junction,Chicago,IL,60604
Angela Russell,871 Bartillon Avenue,El Paso,TX,79955
Joyce Wood,524 Caliangt Avenue,Aurora,CO,80045
Walter Morrison,3573 Johnson Lane,Abilene,TX,79699
Tina Lane,207 Dayton Crossing,Washington,DC,20430
Irene Harvey,08179 Del Sol Parkway,Zephyrhills,FL,33543
Stephanie Alexander,0 Caliangt Point,Pittsburgh,PA,15230
Justin Simpson,59 Clyde Gallagher Lane,Saint Petersburg,FL,33737
Paul Armstrong,62036 Colorado Alley,Cleveland,OH,44111
Gerald Gonzalez,142 Clemons Lane,Washington,DC,20420
Wanda Gonzales,293 Maple Place,Boise,ID,83716
Rebecca Cook,5 Mockingbird Center,North Little Rock,AR,72199
Lawrence Bishop,92654 Crowley Pass,Denton,TX,76210
Matthew Bryant,9 Cardinal Junction,Albuquerque,NM,87201
Victor Cunningham,7795 Green Way,Miami,FL,33190
Timothy Peterson,51 Mayer Hill,Roanoke,VA,24029
Charles Russell,29581 Stuart Drive,Canton,OH,44760
Carl Gibson,9 1st Pass,Tulsa,OK,74170
Frank Mcdonald,95 Victoria Lane,San Francisco,CA,94169
Arthur Hawkins,982 Marquette Place,Milwaukee,WI,53277
Ann Price,3207 Meadow Ridge Trail,Saint Louis,MO,63126
Anthony Fowler,92 Carberry Park,El Paso,TX,79916
